timestamp,blog_id,today_visitors,total_visitors
2026-05-22 15:11,jjangdol0205,0,0
2026-05-22 15:11,cofinance1,0,0
2026-05-22 15:11,cofinance12,0,0
2026-05-22 15:11,kjh2579489,0,0
2026-05-22 15:11,better_life333,0,0
2026-05-22 15:11,business9489,0,0
2026-05-22 15:12,jjangdol0205,0,0
2026-05-22 15:12,cofinance1,0,0
2026-05-22 15:12,cofinance12,0,0
2026-05-22 15:12,kjh2579489,0,0
2026-05-22 15:12,better_life333,0,0
2026-05-22 15:12,business9489,0,0
2026-05-22 15:13,jjangdol0205,0,0
2026-05-22 15:13,cofinance1,0,0
2026-05-22 15:13,cofinance12,0,0
2026-05-22 15:13,kjh2579489,0,0
2026-05-22 15:13,better_life333,0,0
2026-05-22 15:13,business9489,0,0
2026-05-22 15:19,jjangdol0205,0,0
2026-05-22 15:19,cofinance1,0,0
2026-05-22 15:19,cofinance12,0,0
2026-05-22 15:19,kjh2579489,2,2056
2026-05-22 15:19,better_life333,0,0
2026-05-22 15:19,business9489,0,0
2026-05-22 15:23,jjangdol0205,0,0
2026-05-22 15:23,cofinance1,0,0
2026-05-22 15:23,cofinance12,0,0
2026-05-22 15:23,kjh2579489,2,2056
2026-05-22 15:23,better_life333,0,0
2026-05-22 15:23,business9489,0,0
2026-05-22 18:24,jjangdol0205,0,0
2026-05-22 18:24,cofinance1,0,0
2026-05-22 18:24,cofinance12,0,0
2026-05-22 18:24,kjh2579489,15,2069
2026-05-22 18:24,better_life333,0,0
2026-05-22 18:24,business9489,0,0
2026-05-22 21:26,jjangdol0205,0,0
2026-05-22 21:26,cofinance1,0,0
2026-05-22 21:26,cofinance12,0,0
2026-05-22 21:26,kjh2579489,19,2073
2026-05-22 21:26,better_life333,0,0
2026-05-22 21:26,business9489,0,0
2026-05-23 00:27,jjangdol0205,0,0
2026-05-23 00:27,cofinance1,0,0
2026-05-23 00:27,cofinance12,0,0
2026-05-23 00:27,kjh2579489,1,2075
2026-05-23 00:27,better_life333,0,0
2026-05-23 00:27,business9489,0,0
2026-05-23 03:29,jjangdol0205,0,0
2026-05-23 03:29,cofinance1,0,0
2026-05-23 03:29,cofinance12,0,0
2026-05-23 03:29,kjh2579489,2,2076
2026-05-23 03:29,better_life333,0,0
2026-05-23 03:29,business9489,0,0
2026-05-23 06:31,jjangdol0205,0,0
2026-05-23 06:31,cofinance1,0,0
2026-05-23 06:31,cofinance12,0,0
2026-05-23 06:31,kjh2579489,3,2077
2026-05-23 06:31,better_life333,0,0
2026-05-23 06:31,business9489,0,0
2026-05-23 09:32,jjangdol0205,0,0
2026-05-23 09:32,cofinance1,0,0
2026-05-23 09:32,cofinance12,0,0
2026-05-23 09:32,kjh2579489,4,2078
2026-05-23 09:32,better_life333,0,0
2026-05-23 09:32,business9489,0,0
2026-05-23 12:34,jjangdol0205,0,0
2026-05-23 12:34,cofinance1,0,0
2026-05-23 12:34,cofinance12,0,0
2026-05-23 12:34,kjh2579489,8,2082
2026-05-23 12:34,better_life333,0,0
2026-05-23 12:34,business9489,0,0
2026-05-23 15:36,jjangdol0205,0,0
2026-05-23 15:36,cofinance1,0,0
2026-05-23 15:36,cofinance12,0,0
2026-05-23 15:36,kjh2579489,10,2084
2026-05-23 15:36,better_life333,0,0
2026-05-23 15:36,business9489,0,0
2026-05-23 18:37,jjangdol0205,0,0
2026-05-23 18:37,cofinance1,0,0
2026-05-23 18:37,cofinance12,0,0
2026-05-23 18:37,kjh2579489,18,2092
2026-05-23 18:37,better_life333,0,0
2026-05-23 18:37,business9489,0,0
2026-05-23 21:39,jjangdol0205,0,0
2026-05-23 21:39,cofinance1,0,0
2026-05-23 21:39,cofinance12,0,0
2026-05-23 21:39,kjh2579489,53,2127
2026-05-23 21:39,better_life333,0,0
2026-05-23 21:39,business9489,0,0
2026-05-24 00:41,jjangdol0205,0,0
2026-05-24 00:41,cofinance1,0,0
2026-05-24 00:41,cofinance12,0,0
2026-05-24 00:41,kjh2579489,0,2138
2026-05-24 00:41,better_life333,0,0
2026-05-24 00:41,business9489,0,0
2026-05-24 03:42,jjangdol0205,0,0
2026-05-24 03:42,cofinance1,0,0
2026-05-24 03:42,cofinance12,0,0
2026-05-24 03:42,kjh2579489,5,2143
2026-05-24 03:42,better_life333,0,0
2026-05-24 03:42,business9489,0,0
2026-05-24 06:45,jjangdol0205,0,0
2026-05-24 06:45,cofinance1,0,0
2026-05-24 06:45,cofinance12,0,0
2026-05-24 06:45,kjh2579489,13,2151
2026-05-24 06:45,better_life333,0,0
2026-05-24 06:45,business9489,0,0
2026-05-24 09:46,jjangdol0205,0,0
2026-05-24 09:46,cofinance1,0,0
2026-05-24 09:46,cofinance12,0,0
2026-05-24 09:46,kjh2579489,20,2158
2026-05-24 09:46,better_life333,0,0
2026-05-24 09:46,business9489,0,0
2026-05-24 12:48,jjangdol0205,0,0
2026-05-24 12:48,cofinance1,0,0
2026-05-24 12:48,cofinance12,0,0
2026-05-24 12:48,kjh2579489,23,2161
2026-05-24 12:48,better_life333,0,0
2026-05-24 12:48,business9489,0,0
2026-05-24 15:49,jjangdol0205,0,0
2026-05-24 15:49,cofinance1,0,0
2026-05-24 15:49,cofinance12,0,0
2026-05-24 15:49,kjh2579489,27,2165
2026-05-24 15:49,better_life333,0,0
2026-05-24 15:49,business9489,0,0
2026-05-24 18:51,jjangdol0205,0,0
2026-05-24 18:51,cofinance1,0,0
2026-05-24 18:51,cofinance12,0,0
2026-05-24 18:51,kjh2579489,33,2171
2026-05-24 18:51,better_life333,0,0
2026-05-24 18:51,business9489,0,0
2026-05-24 21:53,jjangdol0205,0,0
2026-05-24 21:53,cofinance1,0,0
2026-05-24 21:53,cofinance12,0,0
2026-05-24 21:53,kjh2579489,36,2174
2026-05-24 21:53,better_life333,0,0
2026-05-24 21:53,business9489,0,0
2026-05-25 00:54,jjangdol0205,0,0
2026-05-25 00:54,cofinance1,0,0
2026-05-25 00:54,cofinance12,0,0
2026-05-25 00:54,kjh2579489,0,2174
2026-05-25 00:54,better_life333,0,0
2026-05-25 00:54,business9489,0,0
2026-05-25 03:56,jjangdol0205,0,0
2026-05-25 03:56,cofinance1,0,0
2026-05-25 03:56,cofinance12,0,0
2026-05-25 03:56,kjh2579489,2,2176
2026-05-25 03:56,better_life333,0,0
2026-05-25 03:56,business9489,0,0
2026-05-25 06:57,jjangdol0205,0,0
2026-05-25 06:57,cofinance1,0,0
2026-05-25 06:57,cofinance12,0,0
2026-05-25 06:57,kjh2579489,5,2179
2026-05-25 06:57,better_life333,0,0
2026-05-25 06:57,business9489,0,0
2026-05-25 09:59,jjangdol0205,0,0
2026-05-25 09:59,cofinance1,0,0
2026-05-25 09:59,cofinance12,0,0
2026-05-25 09:59,kjh2579489,7,2181
2026-05-25 09:59,better_life333,0,0
2026-05-25 09:59,business9489,0,0
2026-05-25 13:01,jjangdol0205,0,0
2026-05-25 13:01,cofinance1,0,0
2026-05-25 13:01,cofinance12,0,0
2026-05-25 13:01,kjh2579489,8,2182
2026-05-25 13:01,better_life333,0,0
2026-05-25 13:01,business9489,0,0
2026-05-25 16:02,jjangdol0205,0,0
2026-05-25 16:02,cofinance1,0,0
2026-05-25 16:02,cofinance12,0,0
2026-05-25 16:02,kjh2579489,11,2185
2026-05-25 16:02,better_life333,0,0
2026-05-25 16:02,business9489,0,0
2026-05-25 19:04,jjangdol0205,0,0
2026-05-25 19:04,cofinance1,0,0
2026-05-25 19:04,cofinance12,0,0
2026-05-25 19:04,kjh2579489,14,2188
2026-05-25 19:04,better_life333,0,0
2026-05-25 19:04,business9489,0,0
2026-05-25 22:05,jjangdol0205,0,0
2026-05-25 22:05,cofinance1,0,0
2026-05-25 22:05,cofinance12,0,0
2026-05-25 22:05,kjh2579489,14,2188
2026-05-25 22:05,better_life333,0,0
2026-05-25 22:05,business9489,0,0
2026-05-26 01:07,jjangdol0205,0,0
2026-05-26 01:07,cofinance1,0,0
2026-05-26 01:07,cofinance12,0,0
2026-05-26 01:07,kjh2579489,2,2192
2026-05-26 01:07,better_life333,0,0
2026-05-26 01:07,business9489,0,0
2026-05-26 04:09,jjangdol0205,0,0
2026-05-26 04:09,cofinance1,0,0
2026-05-26 04:09,cofinance12,0,0
2026-05-26 04:09,kjh2579489,4,2194
2026-05-26 04:09,better_life333,0,0
2026-05-26 04:09,business9489,0,0
2026-05-26 07:10,jjangdol0205,0,0
2026-05-26 07:10,cofinance1,0,0
2026-05-26 07:10,cofinance12,0,0
2026-05-26 07:10,kjh2579489,6,2196
2026-05-26 07:10,better_life333,0,0
2026-05-26 07:10,business9489,0,0
2026-05-26 08:29,jjangdol0205,0,0
2026-05-26 08:29,cofinance1,0,0
2026-05-26 08:29,cofinance12,0,0
2026-05-26 08:29,kjh2579489,8,2198
2026-05-26 08:29,better_life333,0,0
2026-05-26 08:29,business9489,0,0
2026-05-27 03:01,jjangdol0205,0,0
2026-05-27 03:01,cofinance1,0,0
2026-05-27 03:01,cofinance12,0,0
2026-05-27 03:01,kjh2579489,4,2215
2026-05-27 03:01,better_life333,0,0
2026-05-27 03:01,business9489,0,0
2026-06-10 15:16,jjangdol0205,0,0
2026-06-10 15:16,cofinance1,0,0
2026-06-10 15:16,cofinance12,0,0
2026-06-10 15:16,kjh2579489,7,2538
2026-06-10 15:16,better_life333,0,0
2026-06-10 15:16,business9489,0,0
2026-06-10 15:19,jjangdol0205,0,0
2026-06-10 15:19,cofinance1,0,0
2026-06-10 15:19,cofinance12,0,0
2026-06-10 15:19,kjh2579489,7,2538
2026-06-10 15:19,better_life333,0,0
2026-06-10 15:19,business9489,0,0
